document_id,source_id,source_url,local_path,content_type,retrieved_at,sha256,size_bytes,request_method,request_metadata,response_headers
doc_0078aade213003071cea6e3b,statistics_canada_wds,https://www150.statcan.gc.ca/t1/wds/rest/getDataFromVectorByReferencePeriodRange?vectorIds=%223%22&startRefPeriod=2022-03-29&endReferencePeriod=2026-07-14,statistics_canada_wds/a8/vector-3-a86c49f192ee8777.json,application/json,2026-07-14T20:55:38Z,a86c49f192ee877721b20f14b8ee008eb76762ec62fd4b5cda28372383d17e7f,4107,GET,"{""json_body_sha256"": null, ""params"": [[""vectorIds"", ""\""3\""""], [""startRefPeriod"", ""2022-03-29""], [""endReferencePeriod"", ""2026-07-14""]]}","{""Content-Type"": ""application/json"", ""Date"": ""Tue, 14 Jul 2026 20:55:38 GMT""}"
doc_072ce68c25dd4a4173b9166e,eia_open_data,https://api.eia.gov/v2/petroleum/pri/spt/data/?api_key=REDACTED&frequency=monthly&data%5B0%5D=value&facets%5Bseries%5D%5B%5D=RWTC&start=1997-01&sort%5B0%5D%5Bcolumn%5D=period&sort%5B0%5D%5Bdirection%5D=asc&offset=0&length=5000,eia_open_data/2c/RWTC-2cecee2804520e9b.json,application/json,2026-07-14T14:56:34Z,2cecee2804520e9b3f34fc48d892784f8f672ef62c105a6c2dfe0f841c677701,98818,GET,"{""json_body_sha256"": null, ""params"": [[""api_key"", ""REDACTED""], [""frequency"", ""monthly""], [""data[0]"", ""value""], [""facets[series][]"", ""RWTC""], [""start"", ""1997-01""], [""sort[0][column]"", ""period""], [""sort[0][direction]"", ""asc""], [""offset"", 0], [""length"", 5000]]}","{""Content-Type"": ""application/json"", ""Date"": ""Tue, 14 Jul 2026 14:56:34 GMT""}"
doc_08722fed53eb080880f8e195,bank_of_canada_valet,"https://www.bankofcanada.ca/valet/observations/V39079,BD.CDN.10YR.DQ.YLD,FXUSDCAD/json?start_date=2026-05-29",bank_of_canada_valet/84/observations-84b49b9989a08f30.json,application/json,2026-07-14T20:55:35Z,84b49b9989a08f30c8825dc7e742e5c609a6f512e135a6cf021a1c680a8bc969,9672,GET,"{""json_body_sha256"": null, ""params"": [[""start_date"", ""2026-05-29""]]}","{""Content-Type"": ""application/json; charset=utf-8"", ""Date"": ""Tue, 14 Jul 2026 20:55:35 GMT""}"
doc_1f28f92ebac91543327599e5,eia_open_data,https://api.eia.gov/v2/petroleum/pri/spt/data/?api_key=REDACTED&frequency=monthly&data%5B0%5D=value&facets%5Bseries%5D%5B%5D=RBRTE&start=2026-03&sort%5B0%5D%5Bcolumn%5D=period&sort%5B0%5D%5Bdirection%5D=asc&offset=0&length=5000,eia_open_data/8a/RBRTE-8a80a234d920343e.json,application/json,2026-07-14T20:55:52Z,8a80a234d920343e219229fe74eb50bf35066c5ee6888f114321d08e4a25b3b5,1541,GET,"{""json_body_sha256"": null, ""params"": [[""api_key"", ""REDACTED""], [""frequency"", ""monthly""], [""data[0]"", ""value""], [""facets[series][]"", ""RBRTE""], [""start"", ""2026-03""], [""sort[0][column]"", ""period""], [""sort[0][direction]"", ""asc""], [""offset"", 0], [""length"", 5000]]}","{""Content-Type"": ""application/json"", ""Date"": ""Tue, 14 Jul 2026 20:55:52 GMT""}"
doc_37ea9b9f16cd5be33d72bcdb,world_bank_pink_sheet,https://thedocs.worldbank.org/en/doc/74e8be41ceb20fa0da750cda2f6b9e4e-0050012026/related/CMO-Historical-Data-Monthly.xlsx,world_bank_pink_sheet/8d/monthly-prices-8d51e9ac53037684.xlsx,application/vnd.openxmlformats-officedocument.spreadsheetml.sheet,2026-07-14T20:55:52Z,8d51e9ac53037684a43cf00075dd3619517563ef17c7327ef9f09074e312ed95,575636,GET,"{""json_body_sha256"": null, ""params"": []}","{""Content-Type"": ""application/vnd.openxmlformats-officedocument.spreadsheetml.sheet"", ""Date"": ""Tue, 14 Jul 2026 03:34:41 GMT"", ""Last-Modified"": ""Mon, 06 Jul 2026 19:14:50 GMT""}"
doc_51119d051317023d46abe613,eia_open_data,https://api.eia.gov/v2/natural-gas/pri/fut/data/?api_key=REDACTED&frequency=monthly&data%5B0%5D=value&facets%5Bseries%5D%5B%5D=RNGWHHD&start=2026-03&sort%5B0%5D%5Bcolumn%5D=period&sort%5B0%5D%5Bdirection%5D=asc&offset=0&length=5000,eia_open_data/ec/RNGWHHD-ec763da6e4868b51.json,application/json,2026-07-14T20:55:51Z,ec763da6e4868b51a61e9962d5f73413dcdc3ade7b32b903a121741091d6d5ae,1535,GET,"{""json_body_sha256"": null, ""params"": [[""api_key"", ""REDACTED""], [""frequency"", ""monthly""], [""data[0]"", ""value""], [""facets[series][]"", ""RNGWHHD""], [""start"", ""2026-03""], [""sort[0][column]"", ""period""], [""sort[0][direction]"", ""asc""], [""offset"", 0], [""length"", 5000]]}","{""Content-Type"": ""application/json"", ""Date"": ""Tue, 14 Jul 2026 20:55:51 GMT""}"
doc_5583f06a83b213d349476f80,statistics_canada_wds,https://www150.statcan.gc.ca/t1/wds/rest/getDataFromVectorByReferencePeriodRange?vectorIds=%223%22&startRefPeriod=2000-01-01&endReferencePeriod=2026-07-14,statistics_canada_wds/23/vector-3-2393ad52a4490e84.json,application/json,2026-07-14T15:07:35Z,2393ad52a4490e84ec3972066fe84de6d7c0d20991d6500d61d731473c74c9f8,24844,GET,"{""json_body_sha256"": null, ""params"": [[""vectorIds"", ""\""3\""""], [""startRefPeriod"", ""2000-01-01""], [""endReferencePeriod"", ""2026-07-14""]]}","{""Content-Type"": ""application/json"", ""Date"": ""Tue, 14 Jul 2026 15:07:35 GMT""}"
doc_59371fe26b5c3caee1a94c83,world_bank_pink_sheet,https://thedocs.worldbank.org/en/doc/18675f1d1639c7a34d463f59263ba0a2-0050012025/related/CMO-Historical-Data-Monthly.xlsx,world_bank_pink_sheet/83/monthly-prices-83a320affafc8351.xlsx,application/vnd.openxmlformats-officedocument.spreadsheetml.sheet,2026-07-14T19:10:04Z,83a320affafc83512d4af4c7198af6ce086326c8b6923d9f64dd905172f86290,778415,GET,"{""json_body_sha256"": null, ""params"": []}","{""Content-Type"": ""application/vnd.openxmlformats-officedocument.spreadsheetml.sheet"", ""Date"": ""Tue, 14 Jul 2026 07:20:50 GMT"", ""Last-Modified"": ""Wed, 14 Jan 2026 22:11:45 GMT""}"
doc_7d033572fc62f108b6945c76,cer_electricity_trade,https://www.cer-rec.gc.ca/en/data-analysis/energy-commodities/electricity/statistics/electricity-trade-summary/electricity-trades-summary-resume-echanges-commerciaux-electricite.xlsx,cer_electricity_trade/53/electricity-trade-summary-537c3915227b5834.xlsx,application/vnd.openxmlformats-officedocument.spreadsheetml.sheet,2026-07-14T20:56:05Z,537c3915227b58345a73fde4516e0b3880f9b6dac77dc714dca2c3e87a834618,110203,GET,"{""json_body_sha256"": null, ""params"": []}","{""Content-Type"": ""application/vnd.openxmlformats-officedocument.spreadsheetml.sheet"", ""Date"": ""Tue, 14 Jul 2026 20:56:04 GMT"", ""ETag"": ""\""744e7b5b5dffdc1:0\"""", ""Last-Modified"": ""Thu, 18 Jun 2026 20:02:14 GMT""}"
doc_879b16dbd0491609b4c01661,nrcan_energy_use_database,https://oee.nrcan.gc.ca/corporate/statistics/neud/dpa/showTable.cfm?juris=bc&page=0&rn=21&sector=res&type=CP&year=2023,nrcan_energy_use_database/da/residential_bc_heating_system_stock_21-da856189a2105032.cfm,text/html,2026-07-14T20:56:04Z,da856189a21050321c898c287f2bd5af13c1c0e41f1974e0c5795c3c61ea343a,36383,GET,"{""json_body_sha256"": null, ""params"": []}","{""Content-Type"": ""text/html;charset=UTF-8"", ""Date"": ""Tue, 14 Jul 2026 20:56:04 GMT""}"
doc_8d0e722098f74256eae1313c,statistics_canada_wds,https://www150.statcan.gc.ca/t1/wds/rest/getDataFromVectorByReferencePeriodRange?vectorIds=%222064701%22&startRefPeriod=2022-05-29&endReferencePeriod=2026-07-14,statistics_canada_wds/fd/vector-2064701-fd220616f4a18e38.json,application/json,2026-07-14T20:55:38Z,fd220616f4a18e385b5fd047146b401cce24c6d270137aea05cd2c7104c2f6ea,11422,GET,"{""json_body_sha256"": null, ""params"": [[""vectorIds"", ""\""2064701\""""], [""startRefPeriod"", ""2022-05-29""], [""endReferencePeriod"", ""2026-07-14""]]}","{""Content-Type"": ""application/json"", ""Date"": ""Tue, 14 Jul 2026 20:55:38 GMT""}"
doc_919f3f18c8b8173deec49a8b,eia_open_data,https://api.eia.gov/v2/petroleum/pri/spt/data/?api_key=REDACTED&frequency=monthly&data%5B0%5D=value&facets%5Bseries%5D%5B%5D=RBRTE&start=1997-01&sort%5B0%5D%5Bcolumn%5D=period&sort%5B0%5D%5Bdirection%5D=asc&offset=0&length=5000,eia_open_data/e0/RBRTE-e0bcc66b73dcbe56.json,application/json,2026-07-14T14:56:34Z,e0bcc66b73dcbe5687e85610e6a07fc6ff3c635f59f2605f22030a00a45abc70,99915,GET,"{""json_body_sha256"": null, ""params"": [[""api_key"", ""REDACTED""], [""frequency"", ""monthly""], [""data[0]"", ""value""], [""facets[series][]"", ""RBRTE""], [""start"", ""1997-01""], [""sort[0][column]"", ""period""], [""sort[0][direction]"", ""asc""], [""offset"", 0], [""length"", 5000]]}","{""Content-Type"": ""application/json"", ""Date"": ""Tue, 14 Jul 2026 14:56:34 GMT""}"
doc_a34009304aa028874fefa433,bc_budget_economic_forecasts,https://www.bcbudget.gov.bc.ca/2026/pdf/2026_Budget_and_Fiscal_Plan.pdf,bc_budget_economic_forecasts/5b/bc_budget_2026-5b5194bf1e292dcb.pdf,application/pdf,2026-07-14T20:56:03Z,5b5194bf1e292dcb6d440796e4808c00a5726318692597e6db0285b9d248407d,2687246,GET,"{""json_body_sha256"": null, ""params"": []}","{""Content-Type"": ""application/pdf"", ""Date"": ""Tue, 14 Jul 2026 20:56:03 GMT"", ""ETag"": ""\""93f3b0ea5dc0dc1:0\"""", ""Last-Modified"": ""Mon, 30 Mar 2026 15:57:31 GMT""}"
doc_a66f7c3cc95cda753e6c6652,statistics_canada_wds,https://www150.statcan.gc.ca/t1/wds/rest/getDataFromVectorByReferencePeriodRange?vectorIds=%221617916980%22&startRefPeriod=2000-01-01&endReferencePeriod=2026-07-14,statistics_canada_wds/c2/vector-1617916980-c2563d1fb725b5b2.json,application/json,2026-07-14T15:07:40Z,c2563d1fb725b5b2cf26bb1218681821feaa09ec4bad3f7eeacc9e2693be8908,24106,GET,"{""json_body_sha256"": null, ""params"": [[""vectorIds"", ""\""1617916980\""""], [""startRefPeriod"", ""2000-01-01""], [""endReferencePeriod"", ""2026-07-14""]]}","{""Content-Type"": ""application/json"", ""Date"": ""Tue, 14 Jul 2026 15:07:40 GMT""}"
doc_a8ef59edd81ece246ebce729,eia_open_data,https://api.eia.gov/v2/petroleum/pri/spt/data/?api_key=REDACTED&frequency=monthly&data%5B0%5D=value&facets%5Bseries%5D%5B%5D=RWTC&start=2026-03&sort%5B0%5D%5Bcolumn%5D=period&sort%5B0%5D%5Bdirection%5D=asc&offset=0&length=5000,eia_open_data/84/RWTC-841ff8ae421cab16.json,application/json,2026-07-14T20:55:51Z,841ff8ae421cab168ef83a82c2376cb29e4e014b53240788663836cca40157a7,1528,GET,"{""json_body_sha256"": null, ""params"": [[""api_key"", ""REDACTED""], [""frequency"", ""monthly""], [""data[0]"", ""value""], [""facets[series][]"", ""RWTC""], [""start"", ""2026-03""], [""sort[0][column]"", ""period""], [""sort[0][direction]"", ""asc""], [""offset"", 0], [""length"", 5000]]}","{""Content-Type"": ""application/json"", ""Date"": ""Tue, 14 Jul 2026 20:55:51 GMT""}"
doc_b7f897a2923a8bfa23dbe839,bank_of_canada_valet,"https://www.bankofcanada.ca/valet/observations/V39079,BD.CDN.10YR.DQ.YLD,FXUSDCAD/json?start_date=2000-01-01",bank_of_canada_valet/1d/observations-1d6b2ea15d4eafc6.json,application/json,2026-07-14T14:59:18Z,1d6b2ea15d4eafc6eeeeb8a57a7b26d4b97e6b463b91e045ae5deebc77ae125d,1309320,GET,"{""json_body_sha256"": null, ""params"": [[""start_date"", ""2000-01-01""]]}","{""Content-Type"": ""application/json; charset=utf-8"", ""Date"": ""Tue, 14 Jul 2026 14:59:18 GMT""}"
doc_c57283e96c9fd1715eaebb62,statistics_canada_wds,https://www150.statcan.gc.ca/t1/wds/rest/getDataFromVectorByReferencePeriodRange?vectorIds=%222064700%22&startRefPeriod=2000-01-01&endReferencePeriod=2026-07-14,statistics_canada_wds/3a/vector-2064700-3a21f15fcaa4989b.json,application/json,2026-07-14T15:07:37Z,3a21f15fcaa4989b86c9a6aebaa0b267ae409eaeb425b4d1e4af8630980018b1,73292,GET,"{""json_body_sha256"": null, ""params"": [[""vectorIds"", ""\""2064700\""""], [""startRefPeriod"", ""2000-01-01""], [""endReferencePeriod"", ""2026-07-14""]]}","{""Content-Type"": ""application/json"", ""Date"": ""Tue, 14 Jul 2026 15:07:37 GMT""}"
doc_c5c1ec1b7b30044ebdc2b18e,statistics_canada_wds,https://www150.statcan.gc.ca/t1/wds/rest/getDataFromVectorByReferencePeriodRange?vectorIds=%222064701%22&startRefPeriod=2000-01-01&endReferencePeriod=2026-07-14,statistics_canada_wds/bb/vector-2064701-bb7c59c6968c0598.json,application/json,2026-07-14T15:07:36Z,bb7c59c6968c0598571ec7f4961d53b609847b1a684f1d4455935959f357fb8d,73292,GET,"{""json_body_sha256"": null, ""params"": [[""vectorIds"", ""\""2064701\""""], [""startRefPeriod"", ""2000-01-01""], [""endReferencePeriod"", ""2026-07-14""]]}","{""Content-Type"": ""application/json"", ""Date"": ""Tue, 14 Jul 2026 15:07:36 GMT""}"
doc_cd7b258786b6647016d392a3,statistics_canada_wds,https://www150.statcan.gc.ca/t1/wds/rest/getDataFromVectorByReferencePeriodRange?vectorIds=%2241692462%22&startRefPeriod=2000-01-01&endReferencePeriod=2026-07-14,statistics_canada_wds/b4/vector-41692462-b42344f78c77412e.json,application/json,2026-07-14T15:07:39Z,b42344f78c77412e3d4575352858451b732bc0e8c89869d90a7420889a75e225,72718,GET,"{""json_body_sha256"": null, ""params"": [[""vectorIds"", ""\""41692462\""""], [""startRefPeriod"", ""2000-01-01""], [""endReferencePeriod"", ""2026-07-14""]]}","{""Content-Type"": ""application/json"", ""Date"": ""Tue, 14 Jul 2026 15:07:39 GMT""}"
doc_cf986fec0574b285f66453dd,statistics_canada_wds,https://www150.statcan.gc.ca/t1/wds/rest/getDataFromVectorByReferencePeriodRange?vectorIds=%222064700%22&startRefPeriod=2022-05-29&endReferencePeriod=2026-07-14,statistics_canada_wds/3e/vector-2064700-3e8f7cfbe211c2e3.json,application/json,2026-07-14T20:55:41Z,3e8f7cfbe211c2e39a0600fda98ae029136d68ee458b42377baefb41243bfb1d,11422,GET,"{""json_body_sha256"": null, ""params"": [[""vectorIds"", ""\""2064700\""""], [""startRefPeriod"", ""2022-05-29""], [""endReferencePeriod"", ""2026-07-14""]]}","{""Content-Type"": ""application/json"", ""Date"": ""Tue, 14 Jul 2026 20:55:41 GMT""}"
doc_d1ad356471485e652625c8c1,eia_open_data,https://api.eia.gov/v2/natural-gas/pri/fut/data/?api_key=REDACTED&frequency=monthly&data%5B0%5D=value&facets%5Bseries%5D%5B%5D=RNGWHHD&start=1997-01&sort%5B0%5D%5Bcolumn%5D=period&sort%5B0%5D%5Bdirection%5D=asc&offset=0&length=5000,eia_open_data/44/RNGWHHD-44a6fef739f75570.json,application/json,2026-07-14T14:56:34Z,44a6fef739f75570f9892e0aea3cc2fb4c1a3c55beee246f12876af262c4765c,99158,GET,"{""json_body_sha256"": null, ""params"": [[""api_key"", ""REDACTED""], [""frequency"", ""monthly""], [""data[0]"", ""value""], [""facets[series][]"", ""RNGWHHD""], [""start"", ""1997-01""], [""sort[0][column]"", ""period""], [""sort[0][direction]"", ""asc""], [""offset"", 0], [""length"", 5000]]}","{""Content-Type"": ""application/json"", ""Date"": ""Tue, 14 Jul 2026 14:56:34 GMT""}"
doc_d6cbc779cc445835dd5662c7,cmhc_via_statistics_canada,https://www150.statcan.gc.ca/t1/wds/rest/getDataFromVectorByReferencePeriodRange?vectorIds=%2252300169%22&startRefPeriod=2022-04-28&endReferencePeriod=2026-07-14,cmhc_via_statistics_canada/a9/vector-52300169-a9f193fdad9c5907.json,application/json,2026-07-14T20:55:49Z,a9f193fdad9c5907d0a6c3f4cedecaa1a4f4932ec61c802e3687e6418f33a0ac,11419,GET,"{""json_body_sha256"": null, ""params"": [[""vectorIds"", ""\""52300169\""""], [""startRefPeriod"", ""2022-04-28""], [""endReferencePeriod"", ""2026-07-14""]]}","{""Content-Type"": ""application/json"", ""Date"": ""Tue, 14 Jul 2026 20:55:49 GMT""}"
doc_e3a465863db741030d1be633,world_bank_pink_sheet,https://www.worldbank.org/content/dam/Worldbank/GEP/GEPcommodities/CMO-Historical-Data-Monthly.xlsx,world_bank_pink_sheet/21/monthly-prices-21e8d2eaf71b35b8.xlsx,application/vnd.openxmlformats-officedocument.spreadsheetml.sheet,2026-07-14T18:58:40Z,21e8d2eaf71b35b861bdb07a3688aeae64bcd3ad02f03dc33980a6f2c74e12c1,681972,GET,"{""json_body_sha256"": null, ""params"": []}","{""Content-Type"": ""application/vnd.openxmlformats-officedocument.spreadsheetml.sheet"", ""Date"": ""Tue, 14 Jul 2026 18:58:40 GMT"", ""Last-Modified"": ""Sun, 16 Oct 2016 20:45:19 GMT""}"
doc_e48b186f60d6667a4cc19fb0,statistics_canada_wds,https://www150.statcan.gc.ca/t1/wds/rest/getDataFromVectorByReferencePeriodRange?vectorIds=%221617916980%22&startRefPeriod=2021-12-29&endReferencePeriod=2026-07-14,statistics_canada_wds/4e/vector-1617916980-4e74afd1d243f4f0.json,application/json,2026-07-14T20:55:43Z,4e74afd1d243f4f05cc78bf188d8ae001bdc5a257e0f5e4516cc2c77e3428bc3,4042,GET,"{""json_body_sha256"": null, ""params"": [[""vectorIds"", ""\""1617916980\""""], [""startRefPeriod"", ""2021-12-29""], [""endReferencePeriod"", ""2026-07-14""]]}","{""Content-Type"": ""application/json"", ""Date"": ""Tue, 14 Jul 2026 20:55:43 GMT""}"
doc_f33877952306fd96f6c2119b,statistics_canada_wds,https://www150.statcan.gc.ca/t1/wds/rest/getDataFromVectorByReferencePeriodRange?vectorIds=%2241692462%22&startRefPeriod=2022-04-28&endReferencePeriod=2026-07-14,statistics_canada_wds/a7/vector-41692462-a73a6f87bc580d66.json,application/json,2026-07-14T20:55:42Z,a73a6f87bc580d66c279feeb235cfa7eb3520a86f7c5da3c18c7ba84ca9816c0,11374,GET,"{""json_body_sha256"": null, ""params"": [[""vectorIds"", ""\""41692462\""""], [""startRefPeriod"", ""2022-04-28""], [""endReferencePeriod"", ""2026-07-14""]]}","{""Content-Type"": ""application/json"", ""Date"": ""Tue, 14 Jul 2026 20:55:42 GMT""}"
doc_f692a37867a18761df1ac9f8,cmhc_via_statistics_canada,https://www150.statcan.gc.ca/t1/wds/rest/getDataFromVectorByReferencePeriodRange?vectorIds=%2252300169%22&startRefPeriod=2000-01-01&endReferencePeriod=2026-07-14,cmhc_via_statistics_canada/ea/vector-52300169-ea3e967fa08a17cd.json,application/json,2026-07-14T18:42:39Z,ea3e967fa08a17cd5257ba89ce506615f10ac9b95b45397ed74f81010b425784,73029,GET,"{""json_body_sha256"": null, ""params"": [[""vectorIds"", ""\""52300169\""""], [""startRefPeriod"", ""2000-01-01""], [""endReferencePeriod"", ""2026-07-14""]]}","{""Content-Type"": ""application/json"", ""Date"": ""Tue, 14 Jul 2026 18:42:39 GMT""}"
